{
  "metrics": {
    "pos": {"precision": 0.7576763485477178, "recall": 0.8872691933916423, "f1": 0.8173679498657117, "support": 1029},
    "neg": {"precision": 0.6713881019830028, "recall": 0.44801512287334594, "f1": 0.5374149659863945, "support": 529}
  },
  "pie": {
    "neg": 688635,
    "pos": 296853
  },
  "pos_rating": {
    "col": [16202, 15894, 16021, 15136, 12898, 15461, 15712, 12956, 10589,
      11628, 12596, 12246, 12064, 10986, 14616, 13345, 11477, 10561,
      10664, 10163,  8652,  9782,  9081,  8123]
  },
  "neg_rating": {
    "col": [23551, 26517, 24257, 21893, 23740, 25260, 23604, 21762, 20713,
      24813, 31480, 21064, 22969, 24534, 68587, 48719, 36427, 34900,
      34656, 34242, 26191, 24082, 23590, 21084]
  },
  "avg_rating": {
    "col": [ -3674.5,  -5311.5,  -4118,  -3378.5,  -5421,  -4899.5,
      -3946,  -4403,  -5062,  -6592.5,  -9442,  -4409,
      -5452.5,  -6774, -26985.5, -17687, -12475, -12169.5,
     -11996, -12039.5,  -8769.5,  -7150,  -7254.5,  -6480.5]
  },
  "neg_wordcloud": {"coronavirus":36921,"cuando":34231,"bogota":23519,"presidente":23024,"gracias":21831,"gobierno":19555,"acuerdo":18608,"tambien":17948,"siempre":17563,"personas":17428,"venezuela":15412,"contra":15380,"verdad":13796,"tienen":13168,"estamos":12876,"tiempo":12244,"nuestro":12225,"justicia":11821,"quiero":11742,"trabajo":11600,"estado":10471,"momento":10279,"muchos":10207,"tenemos":10206,"nuestra":10125,"cuenta":10059,"haciendo":10023,"pandemia":9771,"colombianos":9673,"despues":9644,"nacional":9536,"historia":9348,"ustedes":8946,"alguien":8706,"seguro":8627,"pueblo":8562,"corrupcion":8526,"politica":8355,"quiere":8272,"tendencia":8099,"cuarentena":7865,"ciudad":7497,"familia":7435,"humana":7399,"seguir":7364,"persona":7213,"mientras":7193},
  "pos_wordcloud": {"bogota":79359,"medellin":14700,"antioquia":11319,"barranquilla":11266,"gracias":10125,"cuando":8373,"atlantico":7313,"posicion":7075,"ocupando":6544,"convertirse":6453,"trndnl":5787,"siempre":5360,"cundinamarca":4320,"capital":4178,"musica":4176,"manana":3823,"nuestra":3709,"familia":3605,"viendo":3548,"coronavirus":3496,"jajaja":3491,"amigos":3411,"nuestro":3260,"quiero":3219,"semana":3185,"jajajaja":3123,"ciudad":3044,"cucuta":2948,"saludos":2948,"cumpleanos":2934,"pereira":2837,"tendencia":2640,"domingo":2596,"hermosa":2484,"cuarentena":2465,"viernes":2457,"whatsapp":2414,"photography":2407,"llorando":2341,"corazon":2298,"venezuela":2274,"tambien":2259,"sabado":2248,"santander":2200,"instagram":2177,"estamos":2125,"felicidad":2097}
}