{
  "metrics": {
    "mse": 0.2980511625763985
  },
  "pie": {
    "neu": 692307,
    "pos": 23609,
    "neg": 271387
  },
  "histogram": {
    "count": [    40,   6509,  70570, 283249, 383049, 203657,  35292,   4582,
      336,     19],
    "division": [-1 , -0.8, -0.6, -0.4, -0.2,  0 ,  0.2,  0.4,  0.6,  0.8,  1 ]
  },
  "pos_rating": {
    "col": [1150, 1241, 1232, 1187, 1241, 1247, 1154, 1032,  856,  987,  891,
      847,  888,  850, 1781, 1169,  998,  898,  911,  771,  592,  664,
      555,  467],
    "baq": [ 59,  82,  68,  52,  46,  92,  41,  57,  53,  33,  41,  41,  95,
      76, 226, 120, 122, 100,  81,  78,  55,  84,  53,  55],
    "bog": [ 894,  935,  960,  862,  903,  926,  899,  736,  648,  726,  634,
      599,  568,  578, 1111,  739,  634,  613,  594,  481,  396,  447,
      394,  308],
    "clo": [ 37,  54,  39,  52,  89,  51,  47,  53,  34,  26,  50,  38,  92,
      50, 121, 103,  56,  55,  57,  35,  26,  32,  18,  22],
    "cuc": [ 9, 12, 12, 13,  9,  7,  8,  3,  4,  9,  5,  5,  4, 10, 40, 36, 28,
      15, 26, 15, 10,  8,  9,  9],
    "mde": [151, 155, 153, 208, 193, 167, 159, 182, 117, 193, 159, 164, 129,
      136, 283, 171, 158, 115, 153, 160, 105,  93,  81,  73]
  },
  "neg_rating": {
    "col": [11711, 12239, 11543, 10184, 10728, 11320, 10933, 10369,  9669,
      11171, 15567,  9493,  9563,  9985, 16225, 13197, 11459, 11940,
      11277, 14015, 11510,  9863,  9853,  7573],
    "baq": [1285, 1302, 1080, 1091, 1212, 1602, 1386, 1244, 1191, 1398, 2106,
      1470, 1557, 1680, 2594, 2084, 2055, 2026, 1894, 1937, 1639, 1518,
      1545, 1368],
    "bog": [7695, 7924, 7154, 6055, 6222, 6706, 6884, 6676, 6264, 7042, 9764,
      5518, 5419, 5664, 9311, 7414, 6259, 6796, 6093, 7855, 6406, 5223,
      5259, 3966],
    "clo": [ 929, 1011, 1169, 1179, 1189, 1151,  935,  875,  698,  833, 1167,
      759,  777,  841, 1232, 1042,  898,  831,  913, 1164, 1028,  910,
      889,  729],
    "cuc": [213, 334, 229, 175, 210, 263, 199, 242, 185, 213, 287, 234, 236,
      209, 420, 403, 304, 341, 308, 377, 319, 246, 306, 240],
    "mde":  [1589, 1668, 1910, 1684, 1894, 1595, 1526, 1330, 1330, 1684, 2240,
      1511, 1570, 1588, 2667, 2253, 1942, 1945, 2069, 2681, 2118, 1965,
      1852, 1270]
  },
  "avg_rating": {
    "col": [-0.13523382, -0.13298121, -0.13127436, -0.12412038, -0.13161754,
      -0.13223431, -0.12902589, -0.1379248 , -0.14326326, -0.14494042,
      -0.1713164 , -0.14079182, -0.13657168, -0.1383212 , -0.09374751,
      -0.10417481, -0.11214401, -0.1233494 , -0.11982413, -0.15000319,
      -0.15751626, -0.14174157, -0.14938291, -0.13281637],
    "baq": [-0.15822231, -0.15460864, -0.14824034, -0.14708391, -0.15637205,
      -0.15476117, -0.15570305, -0.15375031, -0.15575488, -0.16194861,
      -0.18154382, -0.16405322, -0.14853229, -0.1453511 , -0.1012256 ,
      -0.11608185, -0.1181626 , -0.12214508, -0.1268107 , -0.14693583,
      -0.15226417, -0.14453178, -0.15915268, -0.14651382],
    "bog": [-0.12544864, -0.12376611, -0.11749417, -0.11077931, -0.12035538,
      -0.12112321, -0.12143573, -0.13582322, -0.13928122, -0.13935589,
      -0.16851328, -0.13195286, -0.13067071, -0.13384682, -0.0921719 ,
      -0.10307016, -0.10863128, -0.12368909, -0.11949231, -0.14999978,
      -0.15494964, -0.13301154, -0.14003612, -0.12725617],
    "clo": [-0.17184569, -0.16938945, -0.18370742, -0.18523939, -0.17223463,
      -0.17258993, -0.16227421, -0.15420442, -0.15258987, -0.15970923,
      -0.18048943, -0.15593063, -0.13872698, -0.14971655, -0.09018848,
      -0.09452994, -0.11363723, -0.11322624, -0.11353888, -0.15810316,
      -0.16523847, -0.16391869, -0.16930422, -0.14229718],
    "cuc": [-0.14295911, -0.14268995, -0.132437  , -0.09829058, -0.12497747,
      -0.15483807, -0.13161222, -0.16717401, -0.14467173, -0.15991663,
      -0.17240283, -0.15736038, -0.15455261, -0.13292633, -0.07642027,
      -0.08504961, -0.09518793, -0.12126672, -0.096944  , -0.12364064,
      -0.14930576, -0.14033876, -0.15592232, -0.12220313],
    "mde": [-0.15019626, -0.1437452 , -0.15725141, -0.13592242, -0.13672863,
      -0.13303918, -0.12376373, -0.12131856, -0.14487294, -0.14565318,
      -0.16942694, -0.14349135, -0.14285689, -0.14219152, -0.09755152,
      -0.10676497, -0.1205536 , -0.12896504, -0.12176183, -0.15382199,
      -0.16807449, -0.15628633, -0.16000011, -0.13433643]
  },
  "neg_wordcloud": {"sentir":26619,"querer":20195,"presidente":12594,"hablar":9295,"acuerdo":8992,"gobierno":8934,"colombiano":8248,"verdad":8150,"pensar":8106,"tambien":8045,"siempre":7884,"politico":7750,"venezuela":7717,"justicia":7699,"tendencia":7452,"corrupto":6802,"uribir":6557,"seguir":6311,"humano":5760,"acabar":5646,"quedar":5417,"pueblo":5355,"corrupcion":4822,"izquierda":4456,"parecer":4396,"persona":4275,"historia":4170,"entender":4149,"partido":3951,"grande":3908,"coronavirus":3794,"asesino":3786,"derecho":3745,"llamar":3618,"existir":3601,"alguien":3445,"criminal":3432,"defender":3414,"guerra":3384,"volver":3378,"bogota":3271,"entonces":3263,"apoyar":3212,"gustar":3153,"llegar":3102,"triste":2967,"necesitar":2957,"mientras":2917,"policia":2880},
  "pos_wordcloud": {"bogota":9434,"medellin":3381,"bogotar":1975,"antioquia":1613,"bogoto":1483,"colombio":1482,"photography":1218,"coronavirus":1157,"capital":884,"travel":813,"instagood":785,"photooftheday":743,"barranquilla":659,"ciudad":596,"instagram":541,"picoftheday":523,"whatsapp":490,"fashion":484,"disponible":481,"quindio":477,"distrito":446,"nature":428,"gracias":411,"follow":391,"graffiti":390,"cundinamarca":388,"diseno":386,"friends":379,"artist":375,"vector":370,"seguir":349,"balloons":342,"cucuto":338,"modacolombiana":338,"quedateencasar":336,"sunset":321,"beautiful":312,"pereiro":312,"atardecer":311,"covid19":311,"cartagena":306,"ibague":303,"fuente":298,"armenia":292,"esperar":287,"servicio":285,"tiempo":277,"decoracionconglobo":272,"escribeno":272},
  "neu_wordcloud": {"bogota":71321,"sentir":55470,"coronavirus":35125,"querer":24463,"seguir":23681,"gracias":22698,"persona":21265,"llegar":19089,"esperar":17975,"primero":17250,"medellin":17021,"tiempo":15621,"acabar":15379,"siempre":14980,"momento":13810,"barranquilla":13172,"necesitar":12429,"antioquia":12407,"gobierno":12322,"trabajo":12293,"colombiano":12271,"llevar":12262,"tambien":12148,"trabajar":12076,"familia":11568,"ciudad":11559,"seguro":11327,"nacional":11120,"acuerdo":11067,"hablar":11025,"presidente":10815,"pensar":10748,"colombio":10623,"semana":10470,"grande":10102,"atlantico":9561,"social":9417,"venezuela":9330,"servicio":8997,"quedar":8800,"pandemia":8730,"bogotar":8706,"equipo":8618,"convertir":8525,"conocer":8470,"cuarentena":8442,"cuenta":8431,"volver":8308,"alguno":8004}
}