{
  "metrics": {
    "pos": {"precision": 0.6152304609218436, "recall": 0.5803402646502835, "f1": 0.5972762645914396, "support": 529},
    "neg": {"precision": 0.7903682719546742, "recall": 0.8134110787172012, "f1": 0.8017241379310346, "support": 1029}
  },
  "pie": {
    "neg": 692787,
    "pos": 293516
  },
  "pos_rating": {
    "col": [10989, 12118, 11793, 10768, 11978, 13583, 13561, 11104, 10019,
      11626, 12998, 11098, 10877, 10635, 21357, 16902, 13709, 12646,
      13702, 13608,  9925, 10168,  9489,  8863]
  },
  "neg_rating": {
    "col": [28790, 30324, 28511, 26279, 24689, 27174, 25787, 23644, 21305,
      24856, 31109, 22245, 24197, 24924, 61887, 45209, 34240, 32851,
      31653, 30835, 24953, 23724, 23218, 20383]
  },
  "avg_rating": {
    "col": [ -8900.5,  -9103,  -8359,  -7755.5,  -6355.5,  -6795.5,
      -6113,  -6270,  -5643,  -6615,  -9055.5,  -5573.5,
      -6660,  -7144.5, -20265, -14153.5, -10265.5, -10102.5,
      -8975.5,  -8613.5,  -7514,  -6778,  -6864.5,  -5760]
  },
  "neg_wordcloud": {"coronavirus":31520,"presidente":15973,"gobierno":15168,"medellin":13705,"tambien":13190,"venezuela":13181,"siempre":12715,"contra":12490,"personas":12171,"acuerdo":12057,"tendencia":10237,"tienen":10212,"barranquilla":10064,"estamos":10035,"quiero":9387,"antioquia":9309,"tiempo":9067,"verdad":8269,"haciendo":7987,"nuestro":7975,"despues":7956,"estado":7941,"cuenta":7871,"posicion":7723,"cuarentena":7537,"pandemia":7506,"momento":7489,"nacional":7381,"tenemos":7368,"trabajo":7331,"muchos":7213,"nuestra":6985,"historia":6969,"mierda":6957,"corrupcion":6852,"colombianos":6819,"ustedes":6783,"atlantico":6715,"viendo":6681,"convertirse":6555,"ocupando":6553,"pueblo":6547,"ciudad":6486,"quiere":6377,"alguien":6342},
  "pos_wordcloud": {"gracias":26861,"siempre":10208,"coronavirus":8897,"nuestro":7510,"presidente":7439,"medellin":7258,"acuerdo":7086,"tambien":7017,"nuestra":6849,"amigos":6784,"justicia":6757,"verdad":6543,"trabajo":6016,"barranquilla":5988,"personas":5978,"familia":5874,"quiero":5574,"antioquia":5216,"tiempo":5005,"estamos":4966,"esperando":4930,"venezuela":4505,"gobierno":4469,"seguro":4453,"momento":4437,"saludos":4331,"excelente":4228,"muchas":4212,"muchos":4126,"ciudad":4055,"nuestros":4032,"nacional":3975,"contra":3891,"ustedes":3834,"equipo":3809,"historia":3725,"grande":3696,"semana":3664,"tenemos":3580,"despues":3543,"haciendo":3538,"manana":3529,"tienen":3508,"atlantico":3425,"importante":3415}
}